2023-01-18 00:34:12, 26.500000, 22.529207, 35.000000, 0.000000, 100.000000
2023-01-18 00:34:12, 26.500000, 22.529207, 35.000000, 0.000000, 100.000000
2023-01-18 00:34:13, 26.750000, 22.529207, 35.000000, 0.000000, 100.000000
2023-01-18 00:34:14, 26.750000, 22.529207, 35.000000, 0.000000, 100.000000
2023-01-18 00:34:15, 26.750000, 22.529207, 35.000000, 0.000000, 100.000000
2023-01-18 00:34:16, 27.062500, 22.529207, 35.000000, 0.000000, 100.000000
2023-01-18 00:34:17, 27.062500, 22.529207, 35.000000, 0.000000, 100.000000
2023-01-18 00:34:18, 27.062500, 22.529207, 35.000000, 0.000000, 100.000000
2023-01-18 00:34:19, 27.375000, 22.529207, 35.000000, 0.000000, 100.000000
2023-01-18 00:34:20, 27.375000, 22.529207, 35.000000, 0.000000, 100.000000
2023-01-18 00:34:20, 27.375000, 22.529207, 35.000000, 0.000000, 100.000000
2023-01-18 00:34:22, 27.750000, 22.529207, 35.000000, 0.000000, 86.637497
2023-01-18 00:34:22, 27.750000, 22.529207, 35.000000, 0.000000, 100.000000
2023-01-18 00:34:23, 27.750000, 22.529207, 35.000000, 0.000000, 100.000000
2023-01-18 00:34:24, 28.250000, 22.529207, 35.000000, 0.000000, 22.500000
2023-01-18 00:34:25, 28.250000, 22.529207, 35.000000, 0.000000, 100.000000
2023-01-18 00:34:26, 28.250000, 22.529207, 35.000000, 0.000000, 100.000000
2023-01-18 00:34:27, 28.687500, 22.529207, 35.000000, 0.000000, 34.375000
2023-01-18 00:34:28, 28.687500, 22.529207, 35.000000, 0.000000, 100.000000
2023-01-18 00:34:28, 28.687500, 22.529207, 35.000000, 0.000000, 100.000000
2023-01-18 00:34:30, 29.187500, 22.529207, 35.000000, 40.000000, 0.000000
2023-01-18 00:34:30, 29.187500, 22.529207, 35.000000, 0.000000, 100.000000
2023-01-18 00:34:31, 29.187500, 22.529207, 35.000000, 0.000000, 100.000000
2023-01-18 00:34:32, 29.687500, 22.529207, 35.000000, 40.000000, 0.000000
2023-01-18 00:34:33, 29.687500, 22.529207, 35.000000, 0.000000, 100.000000
2023-01-18 00:34:34, 29.687500, 22.529207, 35.000000, 0.000000, 100.000000
2023-01-18 00:34:35, 30.187500, 22.529207, 35.000000, 40.000000, 0.000000
2023-01-18 00:34:36, 30.187500, 22.529207, 35.000000, 0.000000, 100.000000
2023-01-18 00:34:36, 30.187500, 22.529207, 35.000000, 0.000000, 100.000000
2023-01-18 00:34:38, 30.750000, 22.529207, 35.000000, 77.500000, 0.000000
2023-01-18 00:34:38, 30.750000, 22.529207, 35.000000, 0.000000, 100.000000
2023-01-18 00:34:39, 30.750000, 22.529207, 35.000000, 0.000000, 100.000000
2023-01-18 00:34:40, 31.250000, 22.529207, 35.000000, 67.500000, 0.000000
2023-01-18 00:34:41, 31.250000, 22.529207, 35.000000, 0.000000, 100.000000
2023-01-18 00:34:42, 31.250000, 22.529207, 35.000000, 0.000000, 100.000000
2023-01-18 00:34:43, 31.812500, 22.529207, 35.000000, 100.000000, 0.000000
2023-01-18 00:34:44, 31.812500, 22.529207, 35.000000, 0.000000, 100.000000
2023-01-18 00:34:44, 31.812500, 22.529207, 35.000000, 0.000000, 100.000000
2023-01-18 00:34:46, 32.375000, 22.529207, 35.000000, 100.000000, 0.000000
2023-01-18 00:34:46, 32.375000, 22.529207, 35.000000, 0.000000, 98.750000
2023-01-18 00:34:47, 32.375000, 22.529207, 35.000000, 0.000000, 98.750000
2023-01-18 00:34:48, 32.875000, 22.529207, 35.000000, 100.000000, 0.000000
2023-01-18 00:34:49, 32.875000, 22.529207, 35.000000, 0.000000, 83.750000
2023-01-18 00:34:50, 32.875000, 22.529207, 35.000000, 0.000000, 83.750000
2023-01-18 00:34:51, 33.437500, 22.529207, 35.000000, 100.000000, 0.000000
2023-01-18 00:34:52, 33.437500, 22.529207, 35.000000, 0.000000, 66.875000
2023-01-18 00:34:53, 33.437500, 22.529207, 35.000000, 0.000000, 66.875000
2023-01-18 00:34:54, 34.000000, 22.529207, 35.000000, 100.000000, 0.000000
2023-01-18 00:34:54, 34.000000, 22.529207, 35.000000, 0.000000, 50.000000
2023-01-18 00:34:55, 34.000000, 22.529207, 35.000000, 0.000000, 50.000000
2023-01-18 00:34:56, 34.500000, 22.529207, 35.000000, 100.000000, 0.000000
2023-01-18 00:34:57, 34.500000, 22.529207, 35.000000, 0.000000, 35.000000
2023-01-18 00:34:58, 34.500000, 22.529207, 35.000000, 0.000000, 35.000000
2023-01-18 00:34:59, 35.000000, 22.529207, 35.000000, 100.000000, 0.000000
2023-01-18 00:35:00, 35.000000, 22.529207, 35.000000, 0.000000, 20.000000
2023-01-18 00:35:01, 35.000000, 22.529207, 30.000000, 100.000000, 0.000000
2023-01-18 00:35:02, 35.500000, 22.529207, 30.000000, 100.000000, 0.000000
2023-01-18 00:35:03, 35.500000, 22.529207, 30.000000, 100.000000, 0.000000
2023-01-18 00:35:04, 35.500000, 22.529207, 30.000000, 100.000000, 0.000000
2023-01-18 00:35:05, 35.875000, 22.529207, 30.000000, 100.000000, 0.000000
2023-01-18 00:35:06, 35.875000, 22.529207, 30.000000, 100.000000, 0.000000
2023-01-18 00:35:07, 36.250000, 22.529207, 0.000000, 100.000000, 0.000000
2023-01-18 00:35:08, 36.250000, 22.529207, 30.000000, 0.000000, 100.000000
2023-01-18 00:35:09, 36.250000, 22.529207, 35.000000, 0.000000, 100.000000
2023-01-18 00:35:10, 36.500000, 22.529207, 35.000000, 100.000000, 0.000000
2023-01-18 00:35:11, 36.500000, 22.529207, 40.000000, 0.000000, 100.000000
2023-01-18 00:35:12, 36.500000, 22.529207, 40.000000, 0.000000, 100.000000
2023-01-18 00:35:13, 36.875000, 22.529207, 40.000000, 49.924999, 0.000000
2023-01-18 00:35:13, 36.875000, 22.529207, 40.000000, 0.000000, 100.000000
2023-01-18 00:35:14, 36.875000, 22.529207, 40.000000, 0.000000, 100.000000
2023-01-18 00:35:16, 37.312500, 22.529207, 40.000000, 86.262497, 0.000000
2023-01-18 00:35:16, 37.312500, 22.529207, 40.000000, 0.000000, 89.275002
2023-01-18 00:35:18, 37.312500, 22.529207, 0.000000, 100.000000, 0.000000
2023-01-18 00:35:19, 37.750000, 22.529207, 30.000000, 0.000000, 100.000000
2023-01-18 00:35:19, 37.750000, 22.529207, 30.000000, 100.000000, 0.000000
2023-01-18 00:35:20, 38.187500, 22.529207, 30.000000, 100.000000, 0.000000
2023-01-18 00:35:21, 38.187500, 22.529207, 30.000000, 100.000000, 0.000000
2023-01-18 00:35:22, 38.187500, 22.529207, 30.000000, 100.000000, 0.000000
2023-01-18 00:35:23, 38.500000, 22.529207, 30.000000, 100.000000, 0.000000
2023-01-18 00:35:24, 38.500000, 22.529207, 30.000000, 100.000000, 0.000000
2023-01-18 00:35:25, 38.500000, 22.529207, 30.000000, 100.000000, 0.000000
2023-01-18 00:35:26, 38.687500, 22.529207, 30.000000, 100.000000, 0.000000
2023-01-18 00:35:27, 38.687500, 22.529207, 30.000000, 100.000000, 0.000000
2023-01-18 00:35:28, 38.875000, 22.529207, 0.000000, 100.000000, 0.000000
2023-01-18 00:35:29, 38.875000, 22.529207, 30.000000, 0.000000, 100.000000
2023-01-18 00:35:30, 38.875000, 22.529207, 30.000000, 100.000000, 0.000000
2023-01-18 00:35:31, 39.000000, 22.529207, 30.000000, 100.000000, 0.000000
2023-01-18 00:35:32, 39.000000, 22.529207, 30.000000, 100.000000, 0.000000
2023-01-18 00:35:33, 39.000000, 22.529207, 30.000000, 100.000000, 0.000000
2023-01-18 00:35:34, 39.187500, 22.529207, 30.000000, 100.000000, 0.000000
2023-01-18 00:35:35, 39.187500, 22.529207, 30.000000, 100.000000, 0.000000
2023-01-18 00:35:37, 39.312500, 22.529207, 30.000000, 100.000000, 0.000000
2023-01-18 00:35:37, 39.312500, 22.529207, 30.000000, 100.000000, 0.000000
2023-01-18 00:35:38, 39.312500, 22.529207, 30.000000, 100.000000, 0.000000
2023-01-18 00:35:40, 39.375000, 22.529207, 30.000000, 100.000000, 0.000000
2023-01-18 00:35:41, 39.375000, 22.529207, 30.000000, 100.000000, 0.000000
2023-01-18 00:35:42, 39.500000, 22.529207, 30.000000, 100.000000, 0.000000
2023-01-18 00:35:43, 39.500000, 22.529207, 30.000000, 100.000000, 0.000000
2023-01-18 00:35:44, 39.500000, 22.529207, 30.000000, 100.000000, 0.000000
2023-01-18 00:35:45, 39.500000, 22.529207, 30.000000, 100.000000, 0.000000
2023-01-18 00:35:46, 39.500000, 22.529207, 30.000000, 100.000000, 0.000000
2023-01-18 00:35:46, 39.500000, 22.529207, 30.000000, 100.000000, 0.000000
2023-01-18 00:35:48, 39.562500, 22.529207, 30.000000, 100.000000, 0.000000
2023-01-18 00:35:49, 39.562500, 22.529207, 30.000000, 100.000000, 0.000000
2023-01-18 00:35:50, 39.562500, 22.529207, 30.000000, 100.000000, 0.000000
2023-01-18 00:35:51, 39.562500, 22.529207, 30.000000, 100.000000, 0.000000
2023-01-18 00:35:52, 39.562500, 22.529207, 30.000000, 100.000000, 0.000000
2023-01-18 00:35:53, 39.562500, 22.529207, 30.000000, 100.000000, 0.000000
2023-01-18 00:35:54, 39.562500, 22.529207, 30.000000, 100.000000, 0.000000
2023-01-18 00:35:54, 39.562500, 22.529207, 30.000000, 100.000000, 0.000000
2023-01-18 00:35:56, 39.562500, 22.529207, 30.000000, 100.000000, 0.000000
2023-01-18 00:35:57, 39.562500, 22.529207, 30.000000, 100.000000, 0.000000
2023-01-18 00:35:58, 39.562500, 22.529207, 0.000000, 100.000000, 0.000000
2023-01-18 00:35:59, 39.500000, 22.529207, 30.000000, 0.000000, 100.000000
2023-01-18 00:36:00, 39.500000, 22.529207, 30.000000, 100.000000, 0.000000
2023-01-18 00:36:01, 39.437500, 22.529207, 30.000000, 100.000000, 0.000000
2023-01-18 00:36:02, 39.437500, 22.529207, 30.000000, 100.000000, 0.000000
2023-01-18 00:36:02, 39.437500, 22.529207, 30.000000, 100.000000, 0.000000
2023-01-18 00:36:03, 39.437500, 22.529207, 30.000000, 100.000000, 0.000000
2023-01-18 00:36:40, 41.000000, 22.900158, 30.000000, 100.000000, 0.000000
2023-01-18 00:36:41, 41.000000, 22.900158, 30.000000, 100.000000, 0.000000
2023-01-18 00:36:42, 40.937500, 22.900158, 30.000000, 100.000000, 0.000000
2023-01-18 00:36:43, 40.937500, 22.900158, 30.000000, 100.000000, 0.000000
2023-01-18 00:36:44, 40.937500, 22.900158, 30.000000, 100.000000, 0.000000
2023-01-18 00:36:45, 40.750000, 22.900158, 30.000000, 100.000000, 0.000000
2023-01-18 00:36:45, 40.750000, 22.900158, 30.000000, 100.000000, 0.000000
2023-01-18 00:36:46, 40.750000, 22.900158, 30.000000, 100.000000, 0.000000
2023-01-18 00:36:47, 40.562500, 22.900158, 30.000000, 100.000000, 0.000000
2023-01-18 00:36:48, 40.562500, 22.900158, 30.000000, 100.000000, 0.000000
2023-01-18 00:36:49, 40.562500, 22.900158, 30.000000, 100.000000, 0.000000
2023-01-18 00:36:50, 40.562500, 22.900158, 30.000000, 100.000000, 0.000000
2023-01-18 00:36:51, 40.312500, 22.900158, 30.000000, 100.000000, 0.000000
2023-01-18 00:36:52, 40.312500, 22.900158, 30.000000, 100.000000, 0.000000
2023-01-18 00:36:53, 40.125000, 22.900158, 30.000000, 100.000000, 0.000000
2023-01-18 00:36:53, 40.125000, 22.900158, 30.000000, 100.000000, 0.000000
2023-01-18 00:36:54, 40.125000, 22.900158, 30.000000, 100.000000, 0.000000
2023-01-18 00:36:55, 40.000000, 22.900158, 30.000000, 100.000000, 0.000000
2023-01-18 00:36:56, 40.000000, 22.900158, 30.000000, 100.000000, 0.000000
2023-01-18 00:36:57, 40.000000, 22.900158, 30.000000, 100.000000, 0.000000
2023-01-18 00:36:58, 39.687500, 22.900158, 30.000000, 100.000000, 0.000000
2023-01-18 00:36:59, 39.687500, 22.900158, 30.000000, 100.000000, 0.000000
2023-01-18 00:37:00, 39.687500, 22.900158, 30.000000, 100.000000, 0.000000
2023-01-18 00:37:01, 39.562500, 22.900158, 30.000000, 100.000000, 0.000000
2023-01-18 00:37:01, 39.562500, 22.900158, 30.000000, 100.000000, 0.000000
2023-01-18 00:37:02, 39.562500, 22.900158, 30.000000, 100.000000, 0.000000
2023-01-18 00:37:03, 39.562500, 22.900158, 30.000000, 100.000000, 0.000000
2023-01-18 00:37:04, 39.375000, 22.900158, 30.000000, 100.000000, 0.000000
2023-01-18 00:37:05, 39.375000, 22.900158, 30.000000, 100.000000, 0.000000
2023-01-18 00:37:06, 39.125000, 22.900158, 30.000000, 100.000000, 0.000000
2023-01-18 00:37:07, 39.125000, 22.900158, 30.000000, 100.000000, 0.000000
2023-01-18 00:37:08, 39.125000, 22.900158, 30.000000, 100.000000, 0.000000
2023-01-18 00:37:09, 38.937500, 22.900158, 30.000000, 100.000000, 0.000000
2023-01-18 00:37:10, 38.937500, 22.900158, 30.000000, 100.000000, 0.000000
2023-01-18 00:37:10, 38.937500, 22.900158, 30.000000, 100.000000, 0.000000
2023-01-18 00:37:11, 38.750000, 22.900158, 30.000000, 100.000000, 0.000000
2023-01-18 00:37:12, 38.750000, 22.900158, 30.000000, 100.000000, 0.000000
2023-01-18 00:37:13, 38.750000, 22.900158, 30.000000, 100.000000, 0.000000
2023-01-18 00:37:14, 38.625000, 22.900158, 30.000000, 100.000000, 0.000000
2023-01-18 00:37:15, 38.625000, 22.900158, 30.000000, 100.000000, 0.000000
2023-01-18 00:37:16, 38.625000, 22.900158, 30.000000, 100.000000, 0.000000
2023-01-18 00:37:17, 38.625000, 22.900158, 30.000000, 100.000000, 0.000000
2023-01-18 00:37:17, 38.375000, 22.900158, 30.000000, 100.000000, 0.000000
2023-01-18 00:37:18, 38.375000, 22.900158, 30.000000, 100.000000, 0.000000
2023-01-18 00:37:19, 38.250000, 22.900158, 30.000000, 100.000000, 0.000000
2023-01-18 00:37:20, 38.250000, 22.900158, 30.000000, 100.000000, 0.000000
2023-01-18 00:37:21, 38.250000, 22.900158, 30.000000, 100.000000, 0.000000
2023-01-18 00:37:22, 38.000000, 22.900158, 30.000000, 100.000000, 0.000000
2023-01-18 00:37:23, 38.000000, 22.900158, 30.000000, 100.000000, 0.000000
2023-01-18 00:37:24, 38.000000, 22.900158, 30.000000, 100.000000, 0.000000
2023-01-18 00:37:25, 37.812500, 22.900158, 30.000000, 100.000000, 0.000000
2023-01-18 00:37:26, 37.812500, 22.900158, 30.000000, 100.000000, 0.000000
2023-01-18 00:37:26, 37.812500, 22.900158, 30.000000, 100.000000, 0.000000
2023-01-18 00:37:27, 37.625000, 22.900158, 30.000000, 100.000000, 0.000000
2023-01-18 00:37:28, 37.625000, 22.900158, 30.000000, 100.000000, 0.000000
2023-01-18 00:37:29, 37.625000, 22.900158, 30.000000, 100.000000, 0.000000
2023-01-18 00:37:30, 37.500000, 22.900158, 30.000000, 100.000000, 0.000000
2023-01-18 00:37:31, 37.500000, 22.900158, 30.000000, 100.000000, 0.000000
2023-01-18 00:37:32, 37.500000, 22.900158, 30.000000, 100.000000, 0.000000
2023-01-18 00:37:33, 37.312500, 22.900158, 30.000000, 100.000000, 0.000000
2023-01-18 00:37:34, 37.312500, 22.900158, 30.000000, 100.000000, 0.000000
2023-01-18 00:37:34, 37.312500, 22.900158, 30.000000, 100.000000, 0.000000
2023-01-18 00:37:35, 37.312500, 22.900158, 30.000000, 100.000000, 0.000000
2023-01-18 00:37:36, 37.125000, 22.900158, 30.000000, 100.000000, 0.000000
2023-01-18 00:37:37, 37.125000, 22.900158, 30.000000, 100.000000, 0.000000
2023-01-18 00:37:38, 37.000000, 22.900158, 30.000000, 100.000000, 0.000000
2023-01-18 00:37:39, 37.000000, 22.900158, 30.000000, 100.000000, 0.000000
2023-01-18 00:37:40, 37.000000, 22.900158, 30.000000, 100.000000, 0.000000
2023-01-18 00:37:41, 36.812500, 22.900158, 30.000000, 100.000000, 0.000000
2023-01-18 00:37:42, 36.812500, 22.900158, 30.000000, 100.000000, 0.000000
2023-01-18 00:37:42, 36.812500, 22.900158, 30.000000, 100.000000, 0.000000
2023-01-18 00:37:43, 36.687500, 22.900158, 30.000000, 100.000000, 0.000000
2023-01-18 00:37:44, 36.687500, 22.900158, 30.000000, 100.000000, 0.000000
2023-01-18 00:37:45, 36.687500, 22.900158, 30.000000, 100.000000, 0.000000
2023-01-18 00:37:46, 36.500000, 22.900158, 30.000000, 100.000000, 0.000000
2023-01-18 00:37:47, 36.500000, 22.900158, 30.000000, 100.000000, 0.000000
2023-01-18 00:37:48, 36.500000, 22.900158, 30.000000, 100.000000, 0.000000
2023-01-18 00:37:49, 36.312500, 22.900158, 30.000000, 100.000000, 0.000000
2023-01-18 00:37:50, 36.312500, 22.900158, 30.000000, 100.000000, 0.000000
2023-01-18 00:37:50, 36.312500, 22.900158, 30.000000, 100.000000, 0.000000
2023-01-18 00:37:51, 36.125000, 22.900158, 30.000000, 100.000000, 0.000000
2023-01-18 00:37:52, 36.125000, 22.900158, 30.000000, 100.000000, 0.000000
2023-01-18 00:37:53, 36.125000, 22.900158, 30.000000, 100.000000, 0.000000
2023-01-18 00:37:54, 35.937500, 22.900158, 30.000000, 100.000000, 0.000000
2023-01-18 00:37:55, 35.937500, 22.900158, 30.000000, 100.000000, 0.000000
2023-01-18 00:37:56, 35.937500, 22.900158, 30.000000, 100.000000, 0.000000
2023-01-18 00:37:57, 35.812500, 22.900158, 30.000000, 100.000000, 0.000000
2023-01-18 00:37:58, 35.812500, 22.900158, 30.000000, 100.000000, 0.000000
2023-01-18 00:37:58, 35.812500, 22.900158, 30.000000, 100.000000, 0.000000
2023-01-18 00:37:59, 35.625000, 22.900158, 30.000000, 100.000000, 0.000000
2023-01-18 00:38:00, 35.625000, 22.900158, 30.000000, 100.000000, 0.000000
2023-01-18 00:38:01, 35.625000, 22.900158, 30.000000, 100.000000, 0.000000
2023-01-18 00:38:02, 35.437500, 22.900158, 30.000000, 100.000000, 0.000000
2023-01-18 00:38:03, 35.437500, 22.900158, 30.000000, 100.000000, 0.000000
2023-01-18 00:38:04, 35.437500, 22.900158, 30.000000, 100.000000, 0.000000
2023-01-18 00:38:05, 35.312500, 22.900158, 30.000000, 100.000000, 0.000000
2023-01-18 00:38:06, 35.312500, 22.900158, 30.000000, 100.000000, 0.000000
2023-01-18 00:38:06, 35.312500, 22.900158, 30.000000, 100.000000, 0.000000
2023-01-18 00:38:07, 35.312500, 22.900158, 30.000000, 100.000000, 0.000000
2023-01-18 00:38:08, 35.125000, 22.900158, 30.000000, 98.750000, 0.000000
2023-01-18 00:38:09, 35.125000, 22.900158, 30.000000, 100.000000, 0.000000
2023-01-18 00:38:10, 34.937500, 22.900158, 30.000000, 93.125000, 0.000000
2023-01-18 00:38:11, 34.937500, 22.900158, 30.000000, 100.000000, 0.000000
2023-01-18 00:38:12, 34.937500, 22.900158, 30.000000, 100.000000, 0.000000
2023-01-18 00:38:13, 34.750000, 22.900158, 30.000000, 87.500000, 0.000000
2023-01-18 00:38:14, 34.750000, 22.900158, 30.000000, 100.000000, 0.000000
2023-01-18 00:39:21, 35.562500, 22.760078, 40.000000, 0.000000, 100.000000
2023-01-18 00:39:21, 35.562500, 22.760078, 40.000000, 0.000000, 100.000000
2023-01-18 00:39:23, 35.750000, 22.760078, 40.000000, 0.000000, 55.125000
2023-01-18 00:39:23, 35.750000, 22.760078, 40.000000, 0.000000, 100.000000
2023-01-18 00:39:24, 35.750000, 22.760078, 40.000000, 0.000000, 100.000000
2023-01-18 00:39:25, 36.000000, 22.760078, 40.000000, 0.000000, 25.125000
2023-01-18 00:39:26, 36.000000, 22.760078, 40.000000, 0.000000, 100.000000
2023-01-18 00:39:27, 36.000000, 22.760078, 40.000000, 0.000000, 100.000000
2023-01-18 00:39:28, 36.312500, 22.760078, 40.000000, 40.000000, 0.000000
2023-01-18 00:39:29, 36.312500, 22.760078, 40.000000, 0.000000, 100.000000
2023-01-18 00:39:29, 36.312500, 22.760078, 40.000000, 0.000000, 100.000000
2023-01-18 00:39:31, 36.312500, 22.760078, 40.000000, 0.000000, 100.000000
2023-01-18 00:39:31, 36.750000, 22.760078, 40.000000, 67.175003, 0.000000
2023-01-18 00:39:32, 36.750000, 22.760078, 40.000000, 0.000000, 100.000000
2023-01-18 00:39:33, 37.125000, 22.760078, 40.000000, 52.200001, 0.000000
2023-01-18 00:39:34, 37.125000, 22.760078, 40.000000, 0.000000, 98.375000
2023-01-18 00:39:35, 37.125000, 22.760078, 40.000000, 0.000000, 98.949997
2023-01-18 00:39:36, 37.500000, 22.760078, 40.000000, 61.799999, 0.000000
2023-01-18 00:39:37, 37.500000, 22.760078, 40.000000, 0.000000, 88.699997
2023-01-18 00:39:37, 37.500000, 22.760078, 40.000000, 0.000000, 89.199997
2023-01-18 00:39:39, 37.875000, 22.760078, 40.000000, 71.625000, 0.000000
2023-01-18 00:39:39, 37.875000, 22.760078, 40.000000, 0.000000, 78.800003
2023-01-18 00:39:40, 37.875000, 22.760078, 40.000000, 0.000000, 79.224998
2023-01-18 00:39:41, 38.312500, 22.760078, 40.000000, 100.000000, 0.000000
2023-01-18 00:39:42, 38.312500, 22.760078, 40.000000, 0.000000, 66.775002
2023-01-18 00:39:43, 38.312500, 22.760078, 40.000000, 0.000000, 67.112503
2023-01-18 00:39:44, 38.312500, 22.760078, 40.000000, 0.000000, 67.449997
2023-01-18 00:39:45, 38.625000, 22.760078, 40.000000, 66.650002, 0.000000
2023-01-18 00:39:45, 38.625000, 22.760078, 40.000000, 0.000000, 58.625000
2023-01-18 00:39:47, 39.062500, 22.760078, 40.000000, 100.000000, 0.000000
2023-01-18 00:39:47, 39.062500, 22.760078, 40.000000, 0.000000, 45.875000
2023-01-18 00:39:48, 39.062500, 22.760078, 40.000000, 0.000000, 46.062500
2023-01-18 00:39:49, 39.437500, 22.760078, 40.000000, 100.000000, 0.000000
2023-01-18 00:39:50, 39.437500, 22.760078, 40.000000, 0.000000, 35.037498
2023-01-18 00:39:51, 39.437500, 22.760078, 40.000000, 0.000000, 35.150002
2023-01-18 00:39:52, 39.750000, 22.760078, 40.000000, 99.175003, 0.000000
2023-01-18 00:39:53, 39.750000, 22.760078, 40.000000, 0.000000, 25.875000
2023-01-18 00:39:54, 39.750000, 22.760078, 40.000000, 0.000000, 25.925001
2023-01-18 00:39:55, 40.062500, 22.760078, 40.000000, 100.000000, 0.000000
2023-01-18 00:39:56, 40.062500, 22.760078, 35.000000, 100.000000, 0.000000
2023-01-18 00:39:56, 40.062500, 22.760078, 35.000000, 100.000000, 0.000000
2023-01-18 00:39:58, 40.375000, 22.760078, 35.000000, 100.000000, 0.000000
2023-01-18 00:39:58, 40.375000, 22.760078, 35.000000, 100.000000, 0.000000
2023-01-18 00:39:59, 40.375000, 22.760078, 35.000000, 100.000000, 0.000000
2023-01-18 00:40:01, 40.437500, 22.760078, 35.000000, 100.000000, 0.000000
2023-01-18 00:40:02, 40.437500, 22.760078, 35.000000, 100.000000, 0.000000
2023-01-18 00:40:03, 40.500000, 22.760078, 35.000000, 100.000000, 0.000000
2023-01-18 00:40:04, 40.500000, 22.760078, 35.000000, 100.000000, 0.000000
2023-01-18 00:40:05, 40.500000, 22.760078, 35.000000, 100.000000, 0.000000
2023-01-18 00:40:06, 40.437500, 22.760078, 30.000000, 100.000000, 0.000000
2023-01-18 00:40:07, 40.437500, 22.760078, 30.000000, 100.000000, 0.000000
2023-01-18 00:40:08, 40.437500, 22.760078, 30.000000, 100.000000, 0.000000
2023-01-18 00:40:09, 40.437500, 22.760078, 30.000000, 100.000000, 0.000000
2023-01-18 00:40:10, 40.437500, 22.760078, 30.000000, 100.000000, 0.000000
2023-01-18 00:40:11, 40.437500, 22.760078, 30.000000, 100.000000, 0.000000
2023-01-18 00:40:12, 40.437500, 22.760078, 30.000000, 100.000000, 0.000000
2023-01-18 00:40:13, 40.437500, 22.760078, 30.000000, 100.000000, 0.000000
2023-01-18 00:40:14, 40.375000, 22.760078, 30.000000, 100.000000, 0.000000
2023-01-18 00:40:15, 40.375000, 22.760078, 30.000000, 100.000000, 0.000000
2023-01-18 00:40:16, 40.312500, 22.760078, 0.000000, 100.000000, 0.000000
2023-01-18 00:40:17, 40.312500, 22.760078, 30.000000, 0.000000, 100.000000
2023-01-18 00:40:18, 40.312500, 22.760078, 30.000000, 100.000000, 0.000000
2023-01-18 00:40:19, 40.250000, 22.760078, 30.000000, 100.000000, 0.000000
2023-01-18 00:40:20, 40.250000, 22.760078, 30.000000, 100.000000, 0.000000
2023-01-18 00:40:21, 40.250000, 22.760078, 30.000000, 100.000000, 0.000000
2023-01-18 00:40:22, 40.187500, 22.760078, 30.000000, 100.000000, 0.000000
2023-01-18 00:40:22, 40.187500, 22.760078, 30.000000, 100.000000, 0.000000
2023-01-18 00:40:23, 40.187500, 22.760078, 30.000000, 100.000000, 0.000000
2023-01-18 00:40:24, 40.125000, 22.760078, 30.000000, 100.000000, 0.000000
2023-01-18 00:40:25, 40.125000, 22.760078, 30.000000, 100.000000, 0.000000
2023-01-18 00:40:26, 40.125000, 22.760078, 30.000000, 100.000000, 0.000000
2023-01-18 00:40:27, 40.125000, 22.760078, 30.000000, 100.000000, 0.000000
2023-01-18 00:40:28, 40.125000, 22.760078, 30.000000, 100.000000, 0.000000
2023-01-18 00:40:30, 40.000000, 22.760078, 0.000000, 100.000000, 0.000000
2023-01-18 00:40:30, 40.000000, 22.760078, 30.000000, 0.000000, 100.000000
2023-01-18 00:40:31, 40.000000, 22.760078, 30.000000, 100.000000, 0.000000
2023-01-18 00:40:32, 39.875000, 22.760078, 30.000000, 100.000000, 0.000000
2023-01-18 00:40:33, 39.875000, 22.760078, 30.000000, 100.000000, 0.000000
2023-01-18 00:40:34, 39.875000, 22.760078, 30.000000, 100.000000, 0.000000
2023-01-18 00:40:35, 39.812500, 22.760078, 30.000000, 100.000000, 0.000000
2023-01-18 00:40:36, 39.812500, 22.760078, 30.000000, 100.000000, 0.000000
2023-01-18 00:40:37, 39.812500, 22.760078, 30.000000, 100.000000, 0.000000
2023-01-18 00:40:38, 39.750000, 22.760078, 0.000000, 100.000000, 0.000000
2023-01-18 00:40:39, 39.750000, 22.760078, 30.000000, 0.000000, 100.000000
2023-01-18 00:40:39, 39.750000, 22.760078, 30.000000, 100.000000, 0.000000
2023-01-18 00:40:40, 39.625000, 22.760078, 30.000000, 100.000000, 0.000000
2023-01-18 00:40:41, 39.625000, 22.760078, 30.000000, 100.000000, 0.000000
2023-01-18 00:40:42, 39.625000, 22.760078, 30.000000, 100.000000, 0.000000
2023-01-18 00:41:54, 40.750000, 22.443604, 60.000000, 0.000000, 100.000000
2023-01-18 00:41:56, 40.812500, 22.443604, 60.000000, 0.000000, 100.000000
2023-01-18 00:41:57, 40.812500, 22.443604, 60.000000, 0.000000, 100.000000
2023-01-18 00:41:57, 40.812500, 22.443604, 60.000000, 0.000000, 100.000000
2023-01-18 00:41:58, 40.937500, 22.443604, 60.000000, 0.000000, 100.000000
2023-01-18 00:41:59, 40.937500, 22.443604, 60.000000, 0.000000, 100.000000
2023-01-18 00:42:00, 40.937500, 22.443604, 60.000000, 0.000000, 100.000000
2023-01-18 00:42:01, 41.312500, 22.443604, 60.000000, 0.000000, 100.000000
2023-01-18 00:42:02, 41.312500, 22.443604, 60.000000, 0.000000, 100.000000
2023-01-18 00:42:04, 41.687500, 22.443604, 60.000000, 0.000000, 100.000000
2023-01-18 00:42:05, 41.687500, 22.443604, 60.000000, 0.000000, 100.000000
2023-01-18 00:42:05, 41.687500, 22.443604, 60.000000, 0.000000, 100.000000
2023-01-18 00:42:07, 42.062500, 22.443604, 60.000000, 0.000000, 100.000000
2023-01-18 00:42:08, 42.062500, 22.443604, 60.000000, 0.000000, 100.000000
2023-01-18 00:42:09, 42.562500, 22.443604, 0.000000, 100.000000, 0.000000
2023-01-18 00:42:10, 42.562500, 22.443604, 60.000000, 0.000000, 100.000000
2023-01-18 00:42:11, 42.562500, 22.443604, 60.000000, 0.000000, 100.000000
2023-01-18 00:42:12, 42.937500, 22.443604, 60.000000, 0.000000, 100.000000
2023-01-18 00:42:13, 42.937500, 22.443604, 60.000000, 0.000000, 100.000000
2023-01-18 00:42:14, 43.375000, 22.443604, 60.000000, 0.000000, 100.000000
2023-01-18 00:42:38, 46.250000, 22.568119, 60.000000, 0.000000, 100.000000
2023-01-18 00:42:39, 46.250000, 22.568119, 60.000000, 0.000000, 100.000000
2023-01-18 00:42:40, 46.375000, 22.568119, 0.000000, 100.000000, 0.000000
2023-01-18 00:42:41, 46.375000, 22.568119, 60.000000, 0.000000, 100.000000
2023-01-18 00:42:42, 46.375000, 22.568119, 60.000000, 0.000000, 100.000000
2023-01-18 00:42:43, 46.687500, 22.568119, 60.000000, 0.000000, 100.000000
2023-01-18 00:42:44, 46.687500, 22.568119, 60.000000, 0.000000, 100.000000
2023-01-18 00:42:45, 46.687500, 22.568119, 60.000000, 0.000000, 100.000000
2023-01-18 00:42:46, 47.000000, 22.568119, 60.000000, 0.000000, 100.000000
2023-01-18 00:42:47, 47.000000, 22.568119, 60.000000, 0.000000, 100.000000
2023-01-18 00:42:48, 47.500000, 22.568119, 60.000000, 0.000000, 100.000000
2023-01-18 00:42:49, 47.500000, 22.568119, 55.000000, 100.000000, 0.000000
2023-01-18 00:42:50, 47.500000, 22.568119, 35.000000, 100.000000, 0.000000
2023-01-18 00:42:51, 48.000000, 22.568119, 30.000000, 100.000000, 0.000000
2023-01-18 00:42:52, 48.000000, 22.568119, 30.000000, 100.000000, 0.000000
2023-01-18 00:42:53, 48.000000, 22.568119, 30.000000, 100.000000, 0.000000
2023-01-18 00:42:54, 48.187500, 22.568119, 30.000000, 100.000000, 0.000000
2023-01-18 00:42:55, 48.187500, 22.568119, 30.000000, 100.000000, 0.000000
2023-01-18 00:42:56, 48.187500, 22.568119, 30.000000, 100.000000, 0.000000
2023-01-18 00:42:57, 48.187500, 22.568119, 30.000000, 100.000000, 0.000000
2023-01-18 00:42:59, 48.187500, 22.568119, 25.000000, 100.000000, 0.000000
2023-01-18 00:43:00, 48.187500, 22.568119, 25.000000, 100.000000, 0.000000
2023-01-18 00:43:02, 48.187500, 22.568119, 25.000000, 100.000000, 0.000000
2023-01-18 00:43:03, 48.125000, 22.568119, 25.000000, 100.000000, 0.000000
2023-01-18 00:43:04, 48.000000, 22.568119, 25.000000, 100.000000, 0.000000
2023-01-18 00:43:06, 48.000000, 22.568119, 25.000000, 100.000000, 0.000000
2023-01-18 00:43:07, 47.875000, 22.568119, 25.000000, 100.000000, 0.000000
2023-01-18 00:43:08, 47.875000, 22.568119, 25.000000, 100.000000, 0.000000
2023-01-18 00:43:10, 47.687500, 22.568119, 25.000000, 100.000000, 0.000000
2023-01-18 00:43:11, 47.687500, 22.568119, 25.000000, 100.000000, 0.000000
2023-01-18 00:43:12, 47.687500, 22.568119, 25.000000, 100.000000, 0.000000
2023-01-18 00:43:14, 47.500000, 22.568119, 25.000000, 100.000000, 0.000000
2023-01-18 00:43:15, 47.312500, 22.568119, 25.000000, 100.000000, 0.000000
2023-01-18 00:43:16, 47.312500, 22.568119, 25.000000, 100.000000, 0.000000
2023-01-18 00:43:18, 47.125000, 22.568119, 25.000000, 100.000000, 0.000000
2023-01-18 00:43:19, 47.125000, 22.568119, 25.000000, 100.000000, 0.000000
2023-01-18 00:43:20, 46.937500, 22.568119, 25.000000, 100.000000, 0.000000
2023-01-18 00:43:22, 46.937500, 22.568119, 25.000000, 100.000000, 0.000000
2023-01-18 00:43:23, 46.937500, 22.568119, 25.000000, 100.000000, 0.000000
2023-01-18 00:43:24, 46.750000, 22.568119, 25.000000, 100.000000, 0.000000
2023-01-18 00:43:25, 46.562500, 22.568119, 25.000000, 100.000000, 0.000000
2023-01-18 00:43:27, 46.562500, 22.568119, 25.000000, 100.000000, 0.000000
2023-01-18 00:43:28, 46.375000, 22.568119, 25.000000, 100.000000, 0.000000
2023-01-18 00:43:29, 46.375000, 22.568119, 25.000000, 100.000000, 0.000000
2023-01-18 00:43:31, 46.250000, 22.568119, 25.000000, 100.000000, 0.000000
2023-01-18 00:44:43, 46.437500, 22.752296, 45.000000, 100.000000, 0.000000
2023-01-18 00:44:44, 46.312500, 22.752296, 45.000000, 0.000000, 10.075000
2023-01-18 00:44:45, 46.312500, 22.752296, 45.000000, 40.187500, 0.000000
2023-01-18 00:44:46, 46.062500, 22.752296, 0.000000, 100.000000, 0.000000
2023-01-18 00:44:47, 46.062500, 22.752296, 30.000000, 0.000000, 100.000000
2023-01-18 00:44:48, 46.062500, 22.752296, 30.000000, 100.000000, 0.000000
2023-01-18 00:44:49, 45.875000, 22.752296, 30.000000, 100.000000, 0.000000
2023-01-18 00:44:50, 45.875000, 22.752296, 30.000000, 100.000000, 0.000000
2023-01-18 00:44:50, 45.875000, 22.752296, 30.000000, 100.000000, 0.000000
2023-01-18 00:44:51, 45.562500, 22.752296, 30.000000, 100.000000, 0.000000
2023-01-18 00:44:52, 45.562500, 22.752296, 30.000000, 100.000000, 0.000000
2023-01-18 00:44:53, 45.562500, 22.752296, 30.000000, 100.000000, 0.000000
2023-01-18 00:44:55, 45.187500, 22.752296, 30.000000, 100.000000, 0.000000
2023-01-18 00:44:56, 45.187500, 22.752296, 30.000000, 100.000000, 0.000000
2023-01-18 00:44:57, 44.875000, 22.752296, 30.000000, 100.000000, 0.000000
2023-01-18 00:44:58, 44.875000, 22.752296, 30.000000, 100.000000, 0.000000
2023-01-18 00:44:59, 44.875000, 22.752296, 30.000000, 100.000000, 0.000000
2023-01-18 00:44:59, 44.500000, 22.752296, 30.000000, 100.000000, 0.000000
2023-01-18 00:45:00, 44.500000, 22.752296, 30.000000, 100.000000, 0.000000
2023-01-18 00:45:01, 44.500000, 22.752296, 30.000000, 100.000000, 0.000000
2023-01-18 00:45:02, 44.125000, 22.752296, 30.000000, 100.000000, 0.000000
2023-01-18 00:45:03, 44.125000, 22.752296, 30.000000, 100.000000, 0.000000
2023-01-18 00:45:04, 44.125000, 22.752296, 30.000000, 100.000000, 0.000000
2023-01-18 00:45:05, 43.812500, 22.752296, 30.000000, 100.000000, 0.000000
2023-01-18 00:45:06, 43.812500, 22.752296, 30.000000, 100.000000, 0.000000
2023-01-18 00:45:07, 43.500000, 22.752296, 0.000000, 100.000000, 0.000000
2023-01-18 00:45:08, 43.500000, 22.752296, 30.000000, 0.000000, 100.000000
2023-01-18 00:45:09, 43.500000, 22.752296, 30.000000, 100.000000, 0.000000
2023-01-18 00:45:10, 43.187500, 22.752296, 30.000000, 100.000000, 0.000000
2023-01-18 00:45:11, 43.187500, 22.752296, 30.000000, 100.000000, 0.000000
2023-01-18 00:45:12, 43.187500, 22.752296, 30.000000, 100.000000, 0.000000
2023-01-18 00:45:13, 42.937500, 22.752296, 30.000000, 100.000000, 0.000000
2023-01-18 00:45:14, 42.937500, 22.752296, 30.000000, 100.000000, 0.000000
2023-01-18 00:45:15, 42.937500, 22.752296, 30.000000, 100.000000, 0.000000
2023-01-18 00:45:16, 42.687500, 22.752296, 30.000000, 100.000000, 0.000000
2023-01-18 00:45:16, 42.687500, 22.752296, 30.000000, 100.000000, 0.000000
2023-01-18 00:45:17, 42.687500, 22.752296, 30.000000, 100.000000, 0.000000
2023-01-18 00:45:19, 42.437500, 22.752296, 30.000000, 100.000000, 0.000000
2023-01-18 00:45:20, 42.437500, 22.752296, 30.000000, 100.000000, 0.000000
2023-01-18 00:45:21, 42.187500, 22.752296, 0.000000, 100.000000, 0.000000
2023-01-18 00:45:22, 42.187500, 22.752296, 30.000000, 0.000000, 100.000000
2023-01-18 00:45:23, 42.187500, 22.752296, 30.000000, 100.000000, 0.000000
2023-01-18 00:45:24, 41.937500, 22.752296, 30.000000, 100.000000, 0.000000
2023-01-18 00:45:24, 41.937500, 22.752296, 30.000000, 100.000000, 0.000000
2023-01-18 00:45:25, 41.937500, 22.752296, 30.000000, 100.000000, 0.000000
2023-01-18 00:45:26, 41.750000, 22.752296, 30.000000, 100.000000, 0.000000
2023-01-18 00:45:27, 41.750000, 22.752296, 30.000000, 100.000000, 0.000000
2023-01-18 00:45:28, 41.750000, 22.752296, 30.000000, 100.000000, 0.000000
2023-01-18 00:45:29, 41.562500, 22.752296, 30.000000, 100.000000, 0.000000
2023-01-18 00:45:30, 41.562500, 22.752296, 30.000000, 100.000000, 0.000000
2023-01-18 00:45:31, 41.562500, 22.752296, 30.000000, 100.000000, 0.000000
2023-01-18 00:45:32, 41.312500, 22.752296, 30.000000, 100.000000, 0.000000
2023-01-18 00:45:33, 41.312500, 22.752296, 30.000000, 100.000000, 0.000000
2023-01-18 00:45:34, 41.062500, 22.752296, 0.000000, 100.000000, 0.000000
2023-01-18 00:45:35, 41.062500, 22.752296, 30.000000, 0.000000, 100.000000
2023-01-18 00:45:36, 41.062500, 22.752296, 30.000000, 100.000000, 0.000000
2023-01-18 00:45:37, 40.875000, 22.752296, 30.000000, 100.000000, 0.000000
2023-01-18 00:45:38, 40.875000, 22.752296, 30.000000, 100.000000, 0.000000
2023-01-18 00:45:39, 40.875000, 22.752296, 30.000000, 100.000000, 0.000000
2023-01-18 00:45:40, 40.687500, 22.752296, 30.000000, 100.000000, 0.000000
2023-01-18 00:45:41, 40.687500, 22.752296, 30.000000, 100.000000, 0.000000
2023-01-18 00:45:41, 40.687500, 22.752296, 30.000000, 100.000000, 0.000000
2023-01-18 00:45:42, 40.562500, 22.752296, 30.000000, 100.000000, 0.000000
2023-01-18 00:45:43, 40.562500, 22.752296, 30.000000, 100.000000, 0.000000
2023-01-18 00:45:44, 40.562500, 22.752296, 30.000000, 100.000000, 0.000000
2023-01-18 00:45:45, 40.312500, 22.752296, 30.000000, 100.000000, 0.000000
2023-01-18 00:47:30, 41.312500, 22.832712, 45.000000, 0.000000, 100.000000
2023-01-18 00:47:31, 41.500000, 22.832712, 45.000000, 0.000000, 31.437500
2023-01-18 00:47:31, 41.500000, 22.832712, 45.000000, 0.000000, 100.000000
2023-01-18 00:47:32, 41.500000, 22.832712, 45.000000, 0.000000, 100.000000
2023-01-18 00:47:33, 41.687500, 22.832712, 45.000000, 0.000000, 27.875000
2023-01-18 00:47:34, 41.687500, 22.832712, 45.000000, 0.000000, 100.000000
2023-01-18 00:47:35, 41.687500, 22.832712, 45.000000, 0.000000, 100.000000
2023-01-18 00:47:36, 42.000000, 22.832712, 45.000000, 40.000000, 0.000000
2023-01-18 00:47:37, 42.000000, 22.832712, 45.000000, 0.000000, 96.025002
2023-01-18 00:47:38, 42.000000, 22.832712, 45.000000, 0.000000, 96.625000
2023-01-18 00:47:39, 42.000000, 22.832712, 45.000000, 0.000000, 97.224998
2023-01-18 00:47:39, 42.375000, 22.832712, 45.000000, 63.500000, 0.000000
2023-01-18 00:47:40, 42.375000, 22.832712, 45.000000, 0.000000, 87.025002
2023-01-18 00:47:41, 42.750000, 22.832712, 45.000000, 73.775002, 0.000000
2023-01-18 00:47:42, 42.750000, 22.832712, 45.000000, 0.000000, 76.675003
2023-01-18 00:47:43, 42.750000, 22.832712, 45.000000, 0.000000, 77.125000
2023-01-18 00:47:44, 43.125000, 22.832712, 45.000000, 83.750000, 0.000000
2023-01-18 00:47:45, 43.125000, 22.832712, 45.000000, 0.000000, 66.625000
2023-01-18 00:47:46, 43.125000, 22.832712, 45.000000, 0.000000, 67.000000
2023-01-18 00:47:47, 43.125000, 22.832712, 45.000000, 0.000000, 67.375000
2023-01-18 00:47:47, 43.437500, 22.832712, 45.000000, 66.687500, 0.000000
2023-01-18 00:47:48, 43.437500, 22.832712, 45.000000, 0.000000, 58.625000
2023-01-18 00:47:49, 43.812500, 22.832712, 45.000000, 100.000000, 0.000000
2023-01-18 00:47:50, 43.812500, 22.832712, 45.000000, 0.000000, 47.849998
2023-01-18 00:47:51, 43.812500, 22.832712, 45.000000, 0.000000, 48.087502
2023-01-18 00:47:52, 44.125000, 22.832712, 45.000000, 86.112503, 0.000000
2023-01-18 00:47:53, 44.125000, 22.832712, 45.000000, 0.000000, 39.062500
2023-01-18 00:47:54, 44.125000, 22.832712, 45.000000, 0.000000, 39.237499
2023-01-18 00:47:55, 44.437500, 22.832712, 45.000000, 95.025002, 0.000000
2023-01-18 00:47:56, 44.437500, 22.832712, 45.000000, 0.000000, 30.087500
2023-01-18 00:47:56, 44.437500, 22.832712, 45.000000, 0.000000, 30.200001
2023-01-18 00:47:57, 44.750000, 22.832712, 45.000000, 100.000000, 0.000000
2023-01-18 00:47:58, 44.750000, 22.832712, 45.000000, 0.000000, 20.925001
2023-01-18 00:47:59, 44.750000, 22.832712, 45.000000, 0.000000, 20.975000
2023-01-18 00:48:00, 45.000000, 22.832712, 45.000000, 86.525002, 0.000000
2023-01-18 00:48:01, 45.000000, 22.832712, 45.000000, 0.000000, 13.475000
2023-01-18 00:48:02, 45.000000, 22.832712, 45.000000, 0.000000, 13.475000
2023-01-18 00:48:03, 45.187500, 22.832712, 45.000000, 67.187500, 0.000000
2023-01-18 00:48:04, 45.187500, 22.832712, 45.000000, 0.000000, 7.775000
2023-01-18 00:48:04, 45.187500, 22.832712, 45.000000, 0.000000, 7.737500
2023-01-18 00:48:05, 45.437500, 22.832712, 45.000000, 99.849998, 0.000000
2023-01-18 00:48:06, 45.437500, 22.832712, 45.000000, 0.000000, 0.062500
2023-01-18 00:48:07, 45.437500, 22.832712, 45.000000, 40.000000, 0.000000
2023-01-18 00:48:08, 45.625000, 22.832712, 45.000000, 80.775002, 0.000000
2023-01-18 00:48:09, 45.625000, 22.832712, 45.000000, 40.000000, 0.000000
2023-01-18 00:48:10, 45.625000, 22.832712, 45.000000, 40.000000, 0.000000
2023-01-18 00:48:11, 45.750000, 22.832712, 45.000000, 59.924999, 0.000000
2023-01-18 00:48:12, 45.750000, 22.832712, 45.000000, 40.000000, 0.000000
2023-01-18 00:48:12, 45.750000, 22.832712, 45.000000, 40.000000, 0.000000
2023-01-18 00:48:13, 45.750000, 22.832712, 45.000000, 40.000000, 0.000000
2023-01-18 00:48:14, 45.812500, 22.832712, 45.000000, 40.000000, 0.000000
2023-01-18 00:48:15, 45.812500, 22.832712, 45.000000, 40.000000, 0.000000
2023-01-18 00:48:16, 45.812500, 22.832712, 45.000000, 40.000000, 0.000000
2023-01-18 00:48:17, 45.812500, 22.832712, 45.000000, 40.000000, 0.000000
2023-01-18 00:48:18, 45.812500, 22.832712, 45.000000, 40.000000, 0.000000
2023-01-18 00:48:19, 45.875000, 22.832712, 45.000000, 40.112499, 0.000000
2023-01-18 00:48:20, 45.875000, 22.832712, 45.000000, 40.000000, 0.000000
2023-01-18 00:48:20, 45.875000, 22.832712, 45.000000, 40.000000, 0.000000
2023-01-18 00:48:21, 45.875000, 22.832712, 45.000000, 40.000000, 0.000000
2023-01-18 00:48:22, 45.875000, 22.832712, 45.000000, 40.000000, 0.000000
2023-01-18 00:48:23, 45.875000, 22.832712, 45.000000, 40.000000, 0.000000
2023-01-18 00:48:24, 45.875000, 22.832712, 45.000000, 40.000000, 0.000000
2023-01-18 00:48:25, 45.875000, 22.832712, 45.000000, 40.000000, 0.000000
2023-01-18 00:48:26, 45.875000, 22.832712, 45.000000, 40.000000, 0.000000
2023-01-18 00:48:27, 45.875000, 22.832712, 45.000000, 40.000000, 0.000000
2023-01-18 00:48:28, 45.812500, 22.832712, 45.000000, 0.000000, 10.025001
2023-01-18 00:48:28, 45.812500, 22.832712, 45.000000, 40.000000, 0.000000
2023-01-18 00:48:30, 45.812500, 22.832712, 45.000000, 40.000000, 0.000000
2023-01-18 00:48:30, 45.812500, 22.832712, 45.000000, 40.000000, 0.000000
2023-01-18 00:48:31, 45.812500, 22.832712, 45.000000, 40.000000, 0.000000
2023-01-18 00:48:32, 45.875000, 22.832712, 45.000000, 42.674999, 0.000000
2023-01-18 00:48:33, 45.875000, 22.832712, 40.000000, 100.000000, 0.000000
2023-01-18 00:48:34, 45.875000, 22.832712, 40.000000, 100.000000, 0.000000
2023-01-18 00:48:35, 45.875000, 22.832712, 40.000000, 100.000000, 0.000000
2023-01-18 00:48:36, 45.875000, 22.832712, 40.000000, 100.000000, 0.000000
2023-01-18 00:48:37, 45.875000, 22.832712, 40.000000, 100.000000, 0.000000
2023-01-18 00:48:38, 45.625000, 22.832712, 40.000000, 67.175003, 0.000000
2023-01-18 00:48:39, 45.625000, 22.832712, 40.000000, 100.000000, 0.000000
2023-01-18 00:48:40, 45.625000, 22.832712, 0.000000, 100.000000, 0.000000
2023-01-18 00:48:41, 45.375000, 22.832712, 35.000000, 0.000000, 100.000000
2023-01-18 00:48:42, 45.375000, 22.832712, 30.000000, 100.000000, 0.000000
2023-01-18 00:48:44, 45.062500, 22.832712, 30.000000, 100.000000, 0.000000
2023-01-18 00:48:45, 45.062500, 22.832712, 30.000000, 100.000000, 0.000000
2023-01-18 00:48:46, 44.812500, 22.832712, 30.000000, 100.000000, 0.000000
2023-01-18 00:48:47, 44.812500, 22.832712, 30.000000, 100.000000, 0.000000
2023-01-18 00:48:47, 44.812500, 22.832712, 30.000000, 100.000000, 0.000000
2023-01-18 00:48:48, 44.562500, 22.832712, 30.000000, 100.000000, 0.000000
2023-01-18 00:48:49, 44.562500, 22.832712, 30.000000, 100.000000, 0.000000
2023-01-18 00:48:50, 44.562500, 22.832712, 30.000000, 100.000000, 0.000000
2023-01-18 00:48:52, 44.250000, 22.832712, 30.000000, 100.000000, 0.000000
2023-01-18 00:48:52, 44.250000, 22.832712, 30.000000, 100.000000, 0.000000
2023-01-18 00:48:54, 44.000000, 22.832712, 0.000000, 100.000000, 0.000000
2023-01-18 00:48:55, 44.000000, 22.832712, 30.000000, 0.000000, 100.000000
2023-01-18 00:48:55, 44.000000, 22.832712, 30.000000, 100.000000, 0.000000
2023-01-18 00:48:56, 43.687500, 22.832712, 30.000000, 100.000000, 0.000000
2023-01-18 00:48:57, 43.687500, 22.832712, 30.000000, 100.000000, 0.000000
2023-01-18 00:48:58, 43.687500, 22.832712, 30.000000, 100.000000, 0.000000
2023-01-18 00:49:00, 43.500000, 22.832712, 30.000000, 100.000000, 0.000000
2023-01-18 00:49:00, 43.500000, 22.832712, 30.000000, 100.000000, 0.000000
2023-01-18 00:49:02, 43.250000, 22.832712, 30.000000, 100.000000, 0.000000
2023-01-18 00:49:03, 43.250000, 22.832712, 30.000000, 100.000000, 0.000000
2023-01-18 00:49:04, 43.250000, 22.832712, 30.000000, 100.000000, 0.000000
2023-01-18 00:49:05, 42.937500, 22.832712, 30.000000, 100.000000, 0.000000
2023-01-18 00:49:06, 42.937500, 22.832712, 30.000000, 100.000000, 0.000000
2023-01-18 00:49:23, 42.750000, 22.358000, 30.000000, 100.000000, 0.000000
2023-01-18 00:49:24, 42.750000, 22.358000, 30.000000, 100.000000, 0.000000
2023-01-18 00:49:25, 42.750000, 22.358000, 30.000000, 100.000000, 0.000000
2023-01-18 00:49:26, 42.750000, 22.358000, 30.000000, 100.000000, 0.000000
2023-01-18 00:49:27, 42.750000, 22.358000, 30.000000, 100.000000, 0.000000
2023-01-18 00:49:28, 42.562500, 22.358000, 30.000000, 100.000000, 0.000000
2023-01-18 00:49:29, 42.562500, 22.358000, 30.000000, 100.000000, 0.000000
2023-01-18 00:49:30, 42.562500, 22.358000, 30.000000, 100.000000, 0.000000
2023-01-18 00:49:31, 42.375000, 22.358000, 30.000000, 100.000000, 0.000000
2023-01-18 00:49:32, 42.375000, 22.358000, 30.000000, 100.000000, 0.000000
2023-01-18 00:49:33, 40.000000, 22.358000, 0.000000, 100.000000, 0.000000
2023-01-18 00:49:34, 42.187500, 22.358000, 45.000000, 0.000000, 100.000000
2023-01-18 00:49:35, 42.187500, 22.358000, 30.000000, 100.000000, 0.000000
2023-01-18 00:49:36, 42.062500, 22.358000, 30.000000, 100.000000, 0.000000
2023-01-18 00:49:37, 42.062500, 22.358000, 30.000000, 100.000000, 0.000000
2023-01-18 00:49:38, 42.062500, 22.358000, 30.000000, 100.000000, 0.000000
2023-01-18 00:49:39, 41.875000, 22.358000, 30.000000, 100.000000, 0.000000
2023-01-18 00:49:40, 41.875000, 22.358000, 30.000000, 100.000000, 0.000000
2023-01-18 00:49:41, 41.750000, 22.358000, 25.000000, 100.000000, 0.000000
2023-01-18 00:49:43, 41.750000, 22.358000, 25.000000, 100.000000, 0.000000
2023-01-18 00:49:44, 41.562500, 22.358000, 25.000000, 100.000000, 0.000000
2023-01-18 00:49:45, 41.562500, 22.358000, 25.000000, 100.000000, 0.000000
2023-01-18 00:49:47, 41.375000, 22.358000, 25.000000, 100.000000, 0.000000
2023-01-18 00:49:48, 41.375000, 22.358000, 25.000000, 100.000000, 0.000000
2023-01-18 00:49:49, 41.187500, 22.358000, 25.000000, 100.000000, 0.000000
2023-01-18 00:49:51, 41.187500, 22.358000, 25.000000, 100.000000, 0.000000
2023-01-18 00:49:52, 40.937500, 22.358000, 25.000000, 100.000000, 0.000000
2023-01-18 00:49:53, 40.937500, 22.358000, 25.000000, 100.000000, 0.000000
2023-01-18 00:49:54, 40.750000, 22.358000, 25.000000, 100.000000, 0.000000
2023-01-18 00:49:56, 40.750000, 22.358000, 25.000000, 100.000000, 0.000000
2023-01-18 00:49:57, 40.625000, 22.358000, 25.000000, 100.000000, 0.000000
2023-01-18 00:49:58, 40.625000, 22.358000, 25.000000, 100.000000, 0.000000
2023-01-18 00:56:58, 34.187500, 22.428040, 30.000000, 100.000000, 0.000000
2023-01-18 00:56:59, 34.187500, 22.428040, 30.000000, 100.000000, 0.000000
2023-01-18 00:57:00, 34.187500, 22.428040, 30.000000, 100.000000, 0.000000
2023-01-18 00:57:01, 34.125000, 22.428040, 30.000000, 100.000000, 0.000000
2023-01-18 00:57:02, 34.125000, 22.428040, 30.000000, 100.000000, 0.000000
2023-01-18 00:57:03, 34.000000, 22.428040, 30.000000, 74.962502, 0.000000
2023-01-18 00:57:04, 34.000000, 22.428040, 30.000000, 100.000000, 0.000000
2023-01-18 00:57:05, 33.812500, 22.428040, 30.000000, 45.900002, 0.000000
2023-01-18 00:57:06, 33.812500, 22.428040, 30.000000, 100.000000, 0.000000
2023-01-18 00:57:07, 33.812500, 22.428040, 30.000000, 100.000000, 0.000000
2023-01-18 00:57:09, 33.750000, 22.428040, 30.000000, 96.300003, 0.000000
2023-01-18 00:57:09, 33.750000, 22.428040, 30.000000, 100.000000, 0.000000
2023-01-18 00:57:11, 33.562500, 22.428040, 30.000000, 42.137501, 0.000000
2023-01-18 00:57:12, 33.562500, 22.428040, 30.000000, 100.000000, 0.000000
2023-01-18 00:57:13, 33.562500, 22.428040, 30.000000, 100.000000, 0.000000
2023-01-18 00:57:14, 33.437500, 22.428040, 30.000000, 65.500000, 0.000000
2023-01-18 00:57:15, 33.437500, 22.428040, 30.000000, 100.000000, 0.000000
2023-01-18 00:57:16, 33.312500, 22.428040, 30.000000, 63.099998, 0.000000
2023-01-18 00:57:17, 33.312500, 22.428040, 30.000000, 100.000000, 0.000000
2023-01-18 00:57:18, 33.312500, 22.428040, 30.000000, 100.000000, 0.000000
2023-01-18 00:57:19, 33.187500, 22.428040, 30.000000, 61.312500, 0.000000
2023-01-18 00:57:20, 33.187500, 22.428040, 30.000000, 100.000000, 0.000000
2023-01-18 00:57:21, 33.062500, 22.428040, 30.000000, 58.812500, 0.000000
2023-01-18 00:57:22, 33.062500, 22.428040, 30.000000, 100.000000, 0.000000
2023-01-18 00:57:23, 33.062500, 22.428040, 30.000000, 100.000000, 0.000000
2023-01-18 00:57:25, 32.937500, 22.428040, 30.000000, 56.875000, 0.000000
2023-01-18 00:57:26, 32.937500, 22.428040, 30.000000, 100.000000, 0.000000
2023-01-18 00:57:27, 32.875000, 22.428040, 30.000000, 81.162498, 0.000000
2023-01-18 00:57:51, 32.937500, 22.500673, 30.000000, 100.000000, 0.000000
2023-01-18 00:57:52, 32.937500, 22.500673, 30.000000, 89.300003, 0.000000
2023-01-18 00:57:53, 32.937500, 22.500673, 30.000000, 89.887497, 0.000000
2023-01-18 00:57:54, 32.937500, 22.500673, 30.000000, 90.474998, 0.000000
2023-01-18 00:57:55, 32.937500, 22.500673, 30.000000, 91.062500, 0.000000
2023-01-18 00:57:56, 32.875000, 22.500673, 30.000000, 64.762497, 0.000000
2023-01-18 00:57:57, 32.875000, 22.500673, 30.000000, 90.337502, 0.000000
2023-01-18 00:57:58, 32.750000, 22.500673, 30.000000, 40.000000, 0.000000
2023-01-18 00:57:59, 32.750000, 22.500673, 30.000000, 87.687500, 0.000000
2023-01-18 00:58:00, 32.750000, 22.500673, 30.000000, 88.237503, 0.000000
2023-01-18 00:58:01, 32.625000, 22.500673, 30.000000, 40.000000, 0.000000
2023-01-18 00:58:02, 32.625000, 22.500673, 30.000000, 85.537498, 0.000000
2023-01-18 00:58:04, 32.562500, 22.500673, 30.000000, 59.174999, 0.000000
2023-01-18 00:58:05, 32.562500, 22.500673, 30.000000, 84.687500, 0.000000
2023-01-18 00:58:06, 32.562500, 22.500673, 30.000000, 85.199997, 0.000000
2023-01-18 00:58:07, 32.562500, 22.500673, 30.000000, 85.712502, 0.000000
2023-01-18 00:58:09, 32.437500, 22.500673, 25.000000, 100.000000, 0.000000
2023-01-18 00:58:10, 32.437500, 22.500673, 25.000000, 100.000000, 0.000000
2023-01-18 00:58:11, 32.375000, 22.500673, 25.000000, 100.000000, 0.000000
2023-01-18 00:58:13, 32.375000, 22.500673, 25.000000, 100.000000, 0.000000
2023-01-18 00:58:14, 32.250000, 22.500673, 0.000000, 100.000000, 0.000000
2023-01-18 00:58:15, 32.250000, 22.500673, 30.000000, 0.000000, 100.000000
2023-01-18 00:58:16, 32.250000, 22.500673, 30.000000, 87.500000, 0.000000
2023-01-18 00:58:17, 32.125000, 22.500673, 30.000000, 40.000000, 0.000000
2023-01-18 00:58:18, 32.125000, 22.500673, 30.000000, 83.750000, 0.000000
2023-01-18 00:58:19, 32.125000, 22.500673, 30.000000, 83.750000, 0.000000
2023-01-18 00:58:21, 32.125000, 22.500673, 25.000000, 100.000000, 0.000000
2023-01-18 00:58:22, 32.062500, 22.500673, 25.000000, 100.000000, 0.000000
2023-01-18 00:58:23, 32.062500, 22.500673, 30.000000, 0.000000, 100.000000
2023-01-18 00:58:24, 32.062500, 22.500673, 30.000000, 81.875000, 0.000000
2023-01-18 00:58:25, 32.062500, 22.500673, 30.000000, 81.875000, 0.000000
2023-01-18 00:58:26, 32.062500, 22.500673, 30.000000, 81.875000, 0.000000
2023-01-18 00:58:31, 32.000000, 22.500673, 30.000000, 55.000000, 0.000000
2023-01-18 00:58:32, 32.000000, 22.500673, 30.000000, 80.000000, 0.000000
2023-01-18 00:58:33, 31.937500, 22.500673, 30.000000, 53.125000, 0.000000
2023-01-18 00:58:34, 31.937500, 22.500673, 30.000000, 78.125000, 0.000000
2023-01-18 00:58:35, 31.937500, 22.500673, 30.000000, 78.125000, 0.000000
2023-01-18 00:58:36, 31.875000, 22.500673, 30.000000, 51.250000, 0.000000
2023-01-18 00:58:37, 31.875000, 22.500673, 30.000000, 76.250000, 0.000000
2023-01-18 00:58:38, 31.875000, 22.500673, 30.000000, 76.250000, 0.000000
2023-01-18 00:58:39, 31.875000, 22.500673, 30.000000, 76.250000, 0.000000
2023-01-18 00:58:40, 31.875000, 22.500673, 30.000000, 76.250000, 0.000000
2023-01-18 00:58:41, 31.812500, 22.500673, 30.000000, 49.375000, 0.000000
